"","Ego","Alter","Organization","Budget and Administration","Landscape","Permitting","Science","Other","Other Area","Nature"
"1","Amy Keister","Gretchen Ehlinger","USACE",0,1,0,0,0,NA,"Collaboration"
"2","Amy Keister","Fred Sklar","South Florida Water Management District",0,1,0,0,0,NA,"Collaboration"
"3","Amy Keister","Agnes McLean","National Park Service",0,1,0,0,0,NA,"Collaboration"
"4","Amy Keister","Allyn Childress","DOI Office of Everglades Restoration Initiatives",0,1,0,1,0,NA,"Collaboration"
"5","Amy Keister","Nick Aumen","USGS",0,0,0,1,0,NA,"Coordination"
"6","Amy Keister","Frank Mazzotti (UF Croc Docs)","University of Florida",0,0,0,1,0,NA,"Collaboration"
"7","Amy Keister","Hardin Waddle","USGS",0,0,0,1,0,NA,"Collaboration"
"8","Anne Mini","Pat Jodice","USGS, SCCFWLRU",0,0,0,1,1,"GoMMAPPS Seabird Project (BOEM funded)","Collaboration"
"9","Anne Mini","Mark Woodrey","MS State Univ.",0,0,0,1,0,NA,"Coordination"
"10","Anne Mini","TJ Zenzal","USGS",0,0,0,1,0,NA,"Coordination"
"11","Anne Mini","Auriel Fournier","Ill Nat History Survey, Forbes Biol Res Station",0,0,0,1,0,NA,"Coordination"
"12","Anne Mini","Evan Adams","BRI",0,0,0,1,0,NA,"Coordination"
"13","Anne Mini","Kara Fox","Nat Audubon Society",0,0,0,1,0,NA,"Coordination"
"14","Anne Mini","Peter Frederick","Univ of FL",0,0,0,1,0,NA,"Coordination"
"15","Anne Mini","Janell Brush","Florida Fish and WL Conserv Comm",0,0,0,1,0,NA,"Coordination"
"16","Anne Mini","Jim Lyons","USGS Patuxent WLRC",0,0,0,1,0,NA,"Coordination"
"17","Anne Mini","Bob Cooper","Univ of GA",0,0,0,1,0,NA,"Coordination"
"18","Anne Mini","Andrew Cox","Florida Fish and WL Conserv Comm",0,0,0,1,1,"Gulf Restoration (birds)- FL and Regionwide TIGs","Coordination"
"19","Anne Mini","Rob Dobbs","LA Dept WL & Fisheries",0,0,0,1,1,"Gulf Restoration (birds)- LA and Regionwide TIGs","Coordination"
"20","Anne Mini","Jessica Schulz","Ducks Unlimited",0,0,0,1,0,NA,"Coordination"
"21","Anne Mini","Abby Powell","Univ of FL",0,0,0,1,1,"Gulf Restoration (birds)- restoration science","Coordination"
"22","Anne Mini","Jenny Litz","NOAA",0,0,0,1,1,"GoMMAPPS Project- cross taxa coordination","Coordination"
"23","Beth Stys","Amity Bass","Louisiana Department of Wildlife & Fisheries",0,1,0,1,0,NA,"Collaboration"
"24","Beth Stys","Dan Figert","Kentucky Department of Fish & Wildlife Resources",0,1,0,0,0,NA,"Collaboration"
"25","Beth Stys","Andrew Cox","Florida Fish & Wildlife Conservation Commission",0,1,0,1,0,NA,"Collaboration"
"26","Beth Stys","Seth Blitch","TNC",0,1,0,0,0,NA,"Collaboration"
"27","Beth Stys","Darryl Boudreau","Northwest Florida Water Management District",0,1,0,0,0,NA,"Collaboration"
"28","Beth Stys","Vernon Compton","The Longleaf Alliance",0,1,0,0,0,NA,"Collaboration"
"29","Beth Stys","Salem Saloom","Private Landowner",0,1,0,0,0,NA,"Coordination"
"30","Beth Stys","Kristine Evans","Mississippi State University",0,0,0,1,0,NA,"Collaboration"
"31","Beth Stys","Claude Jenkins","Alabama Wildlife Federation",0,1,0,1,0,NA,"Collaboration"
"32","Beth Stys","Ed Penny","Ducks Unlimited",0,1,0,0,0,NA,"Coordination"
"33","Beth Stys","John Gruchy","Mississippi Dept of Fish, Wildlife & Parks",0,1,0,0,0,NA,"Collaboration"
"34","Beth Stys","Steve Chapman","National Bobwhite Conservation Initiative",0,1,0,0,0,NA,"Collaboration"
"35","Beth Stys","Phil Darby","University of West Florida",0,0,0,1,0,NA,"Collaboration"
"36","Beth Stys","David Godwin","Southern Fire Exchange",0,1,0,0,0,NA,"Collaboration"
"37","Beth Stys","Ad Platt","The Longleaf Alliance",0,1,0,0,0,NA,"Collaboration"
"38","Bill Bartush","Bryan Watts","state",0,0,0,1,0,NA,"Communication"
"39","Bill Bartush","Pat Jodice","federal",0,0,0,1,0,NA,"Coordination"
"40","Bill Bartush","Jim Lyons","federal",0,0,0,0,0,NA,"Collaboration"
"41","Bill Bartush","Greg Balkcom","state",0,1,0,1,0,NA,"Coordination"
"42","Bill Bartush","Scott Anderson","state",0,1,0,1,0,NA,"Collaboration"
"43","Bill Bartush","Michael Flynn","NGO",0,1,0,0,0,NA,"Coordination"
"44","Bill Bartush","Molly Kneece","state",0,1,0,1,0,NA,"Coordination"
"45","Bill Bartush","Doug Howell","state",0,1,0,1,0,NA,"Coordination"
"46","Bill Bartush","Andrew Fanning","state",0,1,0,1,0,NA,"Coordination"
"47","Bill Bartush","Emily Purcell","NGO",0,1,0,0,0,NA,"Collaboration"
"48","Bill Uihlein","Soledad G.","Para La Naturaleza",0,1,0,0,0,NA,"Collaboration"
"49","Bill Uihlein","Ruber","UPR-B",0,0,0,0,1,"Invasive species","Collaboration"
"50","Bill Uihlein","Lourdes Olmedo","DRNA",0,0,0,0,1,"invasive species","Collaboration"
"51","Bill Uihlein","Renata Plantenberg","UVI",0,1,0,1,0,NA,"Collaboration"
"52","Bill Uihlein","Ernesto Diaz","DRNA",0,1,0,0,0,NA,"Coordination"
"53","Bill Uihlein","Mitch Aide","Sieve analytics",0,1,0,1,0,NA,"Collaboration"
"54","Bill Uihlein","Marcone Campos","sieve analytics",0,1,0,1,0,NA,"Collaboration"
"55","Bill Uihlein","Dunkin Elkins","UNC",0,1,0,0,0,NA,"Collaboration"
"56","Bill Uihlein","Kristine Evans","Mississippi State University",0,1,0,0,0,NA,"Coordination"
"57","Bill Uihlein","Tamara Heartsill","USFS",0,1,0,1,0,NA,"Collaboration"
"58","Bill Uihlein","Mei Yu","UPR-RP",0,1,0,1,0,NA,"Collaboration"
"59","Bill Uihlein","Tom Kwak","USGS Coop / NCstate",0,1,0,1,0,NA,"Collaboration"
"60","Bill Uihlein","Jaime Collazo","USGS Coop / NCstate",0,1,0,1,0,NA,"Collaboration"
"61","Bill Uihlein","Adam Terando","USGS CASC",0,1,0,1,0,NA,"Collaboration"
"62","Bill Uihlein","Ryan Boyles","USGS CASC",0,1,0,0,0,NA,"Collaboration"
"63","Blaine Elliott","Kenny Ribbeck","LDWF",0,1,0,0,0,NA,"Collaboration"
"64","Blaine Elliott","Eddie Taylor","USDA Forest Service",0,1,0,0,0,NA,"Coordination"
"65","Blaine Elliott","Garrick Dugger","Arkansas Game & Fish Commission",0,1,0,0,0,NA,"Coordination"
"66","Blaine Elliott","Russ Walsh","Mississippi Department of Wildlife, Fisheries, and Parks",0,1,0,0,0,NA,"Communication"
"67","Blaine Elliott","Joel Porath","Missouri Department of Conservation",0,1,0,0,0,NA,"Coordination"
"68","Blaine Elliott","Jason Maxedon","Tennessee Wildlife Resources Agency",0,1,0,0,0,NA,"Communication"
"69","Blaine Elliott","Scott Manley","Ducks Unilmited",0,1,0,0,0,NA,"Coordination"
"70","Blaine Elliott","Tom Doyle","USGS Wetland & Aquatic Research Center",0,1,0,0,0,NA,"Communication"
"71","Blaine Elliott","Chris Garland","Kentucky Department of Fish & Wildlife Resources",0,1,0,0,0,NA,"Communication"
"72","Blaine Elliott","Stacey Shankle","Trust for Public Land",0,1,0,0,0,NA,"Coordination"
"73","Blaine Elliott","Ron Seiss","The Nature Conservance",0,1,0,0,0,NA,"Collaboration"
"74","Blaine Elliott","Donald Locasio","Louisiana Department of Wildlife & Fisheries",0,1,0,1,0,NA,"Collaboration"
"75","Blaine Elliott","David Breithaupt","Louisiana Department of Wildlife & Fisheries",0,1,0,0,0,NA,"Collaboration"
"76","Blaine Elliott","Ricky Chastain","Arkansas Game & Fish Commission",0,1,0,0,0,NA,"Collaboration"
"77","Blaine Elliott","Ryan Diener","Pheasants Forever Quail Forever",0,1,0,0,0,NA,"Collaboration"
"78","Blair Tirpak","Jennifer Wright","Arkansas Game Fish and Wildlife",0,0,0,0,0,NA,"Communication"
"79","Blair Tirpak","Danielle Bates","Texas Parks and Wildlife Dept",0,0,0,0,0,NA,"Communication"
"80","Blair Tirpak","Suzanne Terrell","Louisiana Dept of Wildlife and Fisheries",0,0,0,0,0,NA,"Communication"
"81","Blair Tirpak","Penny Presson","Duck Unlimited",0,0,0,0,0,NA,"Communication"
"82","Blair Tirpak","Merrie Morrison","American Bird Conservancy",0,0,0,0,0,NA,"Communication"
"83","Brent Murry","Jane Fitzgerald","ABC",0,1,0,1,0,NA,"Collaboration"
"84","Brent Murry","Andrew Cox","FFWCC",0,0,0,1,0,NA,"Collaboration"
"85","Brent Murry","Kate Slankard","KDFWR",0,0,0,1,0,NA,"Collaboration"
"86","Brent Murry","Todd Fearer","ABC",0,1,0,1,0,NA,"Collaboration"
"87","Brent Murry","Cara Joos","ABC",0,1,0,1,0,NA,"Collaboration"
"88","Brent Murry","Becky Keller","ABC",0,1,0,1,0,NA,"Collaboration"
"89","Brent Murry","Kyle Brazil","ABC",0,1,0,1,0,NA,"Coordination"
"90","Brent Murry","Erice Soehren","ADCNR",0,0,0,1,0,NA,"Coordination"
"91","Brent Murry","David Hanni","TWRA",0,0,0,1,0,NA,"Communication"
"92","Brent Murry","Clay Green","TSU",0,0,0,1,0,NA,"Collaboration"
"93","Brent Murry","Jim Giocomo","ABC",0,1,0,1,0,NA,"Collaboration"
"94","Buddy Jones","Addie Thornton","SERPPAS",0,1,0,1,0,NA,"Coordination"
"95","Buddy Jones","Lou Addor","NC State Univ.",0,1,0,1,0,NA,"Collaboration"
"96","Buddy Jones","Gordon Myers","NC Wildlife",0,1,0,0,0,NA,"Collaboration"
"97","Buddy Jones","Jessica Graham","SARP",0,1,0,1,0,NA,"Coordination"
"98","Buddy Jones","Ryan Boyles","SECASC",0,1,0,1,0,NA,"Coordination"
"99","Buddy Jones","Mike Miner","Water Institute of the Gulf",0,1,0,1,0,NA,"Collaboration"
"100","Buddy Jones","Nils Peterson","NC State Univ",0,0,0,1,0,NA,"Collaboration"
"101","Buddy Jones","Shawn Johnson","Univ. Montana",0,1,0,1,0,NA,"Collaboration"
"102","Buddy Jones","Ryan Orndorff","Dept of Defense",0,1,0,0,0,NA,"Communication"
"103","Buddy Jones","Susan Gibson","US ACE",0,1,0,0,0,NA,"Communication"
"104","Buddy Jones","Curtis Hopkins","SEAFWA",0,1,0,0,0,NA,"Communication"
"105","Buddy Jones","Greg Wathen","TWRA",0,1,0,1,0,NA,"Communication"
"106","Buddy Jones","Anna Smith","SCDNR",0,1,0,1,0,NA,"Coordination"
"107","Buddy Jones","Todd Ewing","NC Wildlife",0,1,0,1,0,NA,"Coordination"
"108","Buddy Jones","Jon Ambrose","GA DNR",0,1,0,1,0,NA,"Coordination"
"109","Carmen Simonton","Kristine Evans","Mississippi State University",0,1,0,1,0,NA,"Collaboration"
"110","Carmen Simonton","Amanda Sesser","Mississippi State University",0,1,0,1,0,NA,"Collaboration"
"111","Carmen Simonton","Ann Hijuelos","USGS",0,1,0,0,0,NA,"Collaboration"
"112","Carmen Simonton","Greg Steyer","USGS",0,1,0,0,0,NA,"Coordination"
"113","Carmen Simonton","Mel Landry","NOAA",0,1,0,0,0,NA,"Collaboration"
"114","Carmen Simonton","Courtney Schupp","NOAA",0,1,0,0,0,NA,"Collaboration"
"115","Carmen Simonton","Tim Carruthers","TWIG",0,1,0,1,0,NA,"Collaboration"
"116","Carmen Simonton","Christina Mohrman","GOMA",0,1,0,0,0,NA,"Collaboration"
"117","Carmen Simonton","Matt Mumphrey","CPRA",0,1,0,0,0,NA,"Coordination"
"118","Carmen Simonton","Brad LaBorde","USACE",0,1,0,0,0,NA,"Coordination"
"119","Carmen Simonton","Christina Fellas","NOAA",0,1,0,0,0,NA,"Coordination"
"120","Carmen Simonton","David Reeves","NFWF",0,1,0,0,0,NA,"Communication"
"121","Carmen Simonton","Julien Lartigue","NOAA",0,1,0,1,0,NA,"Coordination"
"122","Carmen Simonton","Ryan Bowles","USGS",0,1,0,1,0,NA,"Coordination"
"123","Carmen Simonton","Jessica Henkel","RESTORE",0,1,0,0,0,NA,"Coordination"
"124","Catherine Rideout","Ricky Chastain","AGFC",0,1,0,0,0,NA,"Collaboration"
"125","Catherine Rideout","David Briethaupt","LDWF",0,1,0,0,0,NA,"Collaboration"
"126","Catherine Rideout","Ryan Diener","Quail Forever",0,1,0,1,0,NA,"Collaboration"
"127","Catherine Rideout","Jason Nolde","USFS",0,1,0,1,0,NA,"Collaboration"
"128","Catherine Rideout","Jeremy Everitt","NWTF",0,1,0,0,0,NA,"Coordination"
"129","Catherine Rideout","Rick Williams","NRCS",0,1,0,0,0,NA,"Collaboration"
"130","Catherine Rideout","Dan Weber","TNC",0,1,0,0,0,NA,"Collaboration"
"131","Catherine Rideout","Amanda Mathis","NRCS",0,1,0,0,0,NA,"Collaboration"
"132","Catherine Rideout","Jeff Fore","TNC",0,1,0,0,0,NA,"Collaboration"
"133","Catherine Rideout","Bill Holomon","AR Nat Heritage",0,1,0,1,0,NA,"Collaboration"
"134","Catherine Rideout","Ricky O'Neill","Neely Lumber",0,1,0,0,0,NA,"Collaboration"
"135","Catherine Rideout","Jeremy Poirier","Int'l Paper",0,1,0,1,0,NA,"Collaboration"
"136","Catherine Rideout","Luke Lewis","AGFC",0,1,0,0,0,NA,"Collaboration"
"137","Catherine Rideout","Jerry Holden","Ducks Unlimited",0,1,0,0,0,NA,"Coordination"
"138","Catherine Rideout","Austin Klais","Quail Forever",0,1,0,1,0,NA,"Collaboration"
"139","Cathy Watkins","Gillian Bee","TN River Basin Network",0,1,0,1,0,NA,"Coordination"
"140","Cathy Watkins","Jeff Schaeffer","Tennessee Tech University",0,1,0,1,0,NA,"Coordination"
"141","Cathy Watkins","Rob Bullard","The Nature Conservancy",0,1,0,1,0,NA,"Coordination"
"142","Christopher DeVore","Mel Landry","NOAA",0,1,1,1,1,"Restoration","Collaboration"
"143","Christopher DeVore","Laura Bowie","GOMA",0,1,0,1,0,NA,"Collaboration"
"144","Christopher DeVore","Matt Mumfrey","CPRA",0,1,1,1,1,"Legal","Collaboration"
"145","Christopher DeVore","Todd Baker","LDWF",0,1,1,1,1,"Restoration","Collaboration"
"146","Christopher DeVore","Annie Howard","LDWF",0,1,1,1,1,"Restoration","Collaboration"
"147","Christopher DeVore","Alyssa Dausman","The Water Institute of the Gulf",0,1,0,1,0,NA,"Collaboration"
"148","Christopher DeVore","Jim Pahl","CPRA",0,1,1,1,0,NA,"Collaboration"
"149","Christopher DeVore","Renee Collini","MSU",0,1,0,1,0,NA,"Collaboration"
"150","Christopher DeVore","Mike Osland","USGS",0,1,0,1,0,NA,"Collaboration"
"151","Christopher DeVore","Amanda Sesser","SCA",0,1,0,1,0,NA,"Collaboration"
"152","Christopher DeVore","Mike Miner","The Water Institute of the Gulf",0,1,1,1,0,NA,"Collaboration"
"153","Christopher DeVore","Greg Steyer","USGS",0,1,0,1,0,NA,"Collaboration"
"154","Christopher DeVore","James Cronin","USGS",0,0,0,1,0,NA,"Collaboration"
"155","Christopher DeVore","Katie Freer","CPRA",0,0,1,1,1,"Restoration","Collaboration"
"156","Christopher DeVore","Kristine Evans","MSU",0,1,0,1,0,NA,"Collaboration"
"157","Cindy Fury","Jeff Duguay","LDWF",0,1,0,1,0,NA,"Coordination"
"158","Cindy Fury","Larry Reynolds","LDWF",0,1,0,1,0,NA,"Coordination"
"159","Cindy Fury","Paul Link","LDWF",0,1,0,1,0,NA,"Coordination"
"160","Cindy Fury","Luke Naylor","AGFC",0,1,0,1,0,NA,"Coordination"
"161","Cindy Fury","Houston Havens","MDWFP",0,1,0,1,0,NA,"Coordination"
"162","Cindy Fury","Seth Maddox","AL DNR",0,1,0,1,0,NA,"Coordination"
"163","Cindy Fury","Sammy King","LSU",0,1,0,1,0,NA,"Communication"
"164","Daniel Adams","nobody",NA,0,0,0,0,0,NA,NA
"165","Dawn James","Daniel Twedt","USGS",0,1,0,1,0,NA,"Collaboration"
"166","Dawn James","Dale James","DU",0,1,0,1,0,NA,"Collaboration"
"167","Dawn James","Luke Naylor","AGFC",0,1,0,1,0,NA,"Collaboration"
"168","Dawn James","Sammy King","LSU",0,1,0,1,0,NA,"Collaboration"
"169","Dawn James","Doug Osborne","UofA Monticello",0,1,0,1,0,NA,"Collaboration"
"170","Dawn James","David Krementz","UofA Fayetteville",0,1,0,1,0,NA,"Collaboration"
"171","Dawn James","Lisa Webb","U of Missouri",0,1,0,1,0,NA,"Collaboration"
"172","Dawn James","Cara Joos","CHJV",0,1,0,1,0,NA,"Collaboration"
"173","Dawn James","EJ Williams","ABC",0,1,0,1,0,NA,"Collaboration"
"174","Dawn James","Jim Giocomo","OPJV",0,1,0,1,0,NA,"Collaboration"
"175","Dawn James","Jane Fitzgerald","CHJV",0,1,0,1,0,NA,"Collaboration"
"176","Dawn James","Mike Mitchell","DU",0,1,0,1,0,NA,"Collaboration"
"177","Dawn James","Becky Keller","AMJV",0,1,0,1,0,NA,"Collaboration"
"178","Dawn James","Joe Lancaster","GCJV",0,1,0,1,0,NA,"Collaboration"
"179","Dawn James","Gregg Elliott","K Gregg Consulting",0,0,0,0,1,"Communication","Collaboration"
"180","Dean Demarest","Kat Diersen","Defenders of Wildlife",0,1,0,0,0,NA,"Collaboration"
"181","Dean Demarest","Shawna Mitchell","TN Aquarium Conservation Institute",0,1,0,0,0,NA,"Collaboration"
"182","Dean Demarest","Gillian Bee","Tennessee River Basin Network",0,1,0,0,0,NA,"Collaboration"
"183","Dean Demarest","Jeff Schaeffer","Tennessee Technological University",0,1,0,1,0,NA,"Collaboration"
"184","Dean Demarest","Wesley Giddens","Tennessee Technological University",0,0,0,1,0,NA,"Collaboration"
"185","Dean Demarest","Rob Bullard","The Nature Conservancy",0,1,0,0,0,NA,"Coordination"
"186","Dean Demarest","Pandy Upchurch","Tennessee Wildlife Resources Agency",0,1,0,0,0,NA,"Coordination"
"187","Dean Demarest","Mark Thurman","Tennessee Wildlife Resources Agency",0,1,0,0,0,NA,"Communication"
"188","Dean Demarest","Jenny Atkins","Natural Resources Conservation Service",0,1,0,0,0,NA,"Coordination"
"189","Dean Demarest","Leon Tillman","Natural Resources Conservation Service",0,1,0,0,0,NA,"Communication"
"190","Dean Demarest","Ben Gramling","Greater Nashville Environmental Roundtable",0,1,0,0,0,NA,"Communication"
"191","Dean Demarest","Jessica Graham","Southeast Aquatic Resources Partnership",0,1,0,1,0,NA,"Collaboration"
"192","Dean Demarest","Heather Slayton","Tennessee Dept of Ag, Division of Forestry",0,1,0,0,0,NA,"Coordination"
"193","Dean Demarest","John McClurkan","Tennessee Dept of Ag",0,1,0,0,0,NA,"Coordination"
"194","Dean Demarest","Robin Mayberry","Natural Resources Conservation Service",0,1,0,0,0,NA,"Coordination"
"195","Emily Granstaff","Anna Smith","SC DNR",0,1,0,0,0,NA,"Collaboration"
"196","Emily Granstaff","Christine Ellis","Winyah Rivers Association",0,1,0,0,0,NA,"Collaboration"
"197","Emily Granstaff","David Bishop","SC TNC",0,1,0,0,0,NA,"Collaboration"
"198","Emily Granstaff","Dwayne Estes","Southeast Grasslands Initiative",0,1,0,0,0,NA,"Collaboration"
"199","Emily Granstaff","Justin Park","Duck Unlimited",0,1,0,0,0,NA,"Collaboration"
"200","Emily Granstaff","Daniel McInnis","US Forest Service",0,1,0,0,0,NA,"Collaboration"
"201","Emily Granstaff","Debbie Scerno","Army Corps",0,1,0,0,0,NA,"Collaboration"
"202","Emily Granstaff","Rick Durbrow","EPA",0,1,0,0,0,NA,"Collaboration"
"203","Emily Granstaff","Jessie Birckhead","NC Wildlife Resources Commission",0,1,0,0,0,NA,"Collaboration"
"204","Emily Granstaff","Roger Pugliese","South Atlantic Fishery Management Council",0,1,0,0,0,NA,"Collaboration"
"205","Emily Granstaff","Addie Thornton","Southeast Partnership for Planning and Sustainability (SERPPAS)",0,1,0,0,0,NA,"Collaboration"
"206","Emily Granstaff","Lucas Furman","Longleaf Alliance",0,1,0,0,0,NA,"Collaboration"
"207","Emily Granstaff","Chris Watson","National Parks Conservation Association",0,1,0,0,0,NA,"Collaboration"
"208","Emily Granstaff","Mark Kinzer","National Park Service",0,1,0,0,0,NA,"Collaboration"
"209","Emily Granstaff","Janet Cakir","National Park Service",0,1,0,0,0,NA,"Collaboration"
"210","Green Todd","Luke Naylor","Arkansas Game & Fish",0,0,0,1,0,NA,"Coordination"
"211","Green Todd","Jason Jackson","Arkansas Game & Fish",0,0,0,1,0,NA,"Collaboration"
"212","Green Todd","Jason Olszak","Louisiana Wildlife Fisheries and Parks",0,0,0,1,0,NA,"Collaboration"
"213","Green Todd","Bill Holliman","Arkansas Natural Heritage",0,0,0,1,0,NA,"Collaboration"
"214","Green Todd","Ricky Chastain","Arkansas Game & Fish",0,0,0,1,0,NA,"Coordination"
"215","Green Todd","Roger Mangham","Arkansas Game & Fish",0,0,0,1,0,NA,"Coordination"
"216","Green Todd","Scott Baker","Mississippi Wildlife",0,0,0,1,0,NA,"Coordination"
"217","Green Todd","Rachel Wortham","TNC",0,0,0,1,0,NA,"Collaboration"
"218","Green Todd","Jeanette Jones","Tennessee Wildlife",0,0,0,1,0,NA,"Collaboration"
"219","Green Todd","Tim Willis","DU",0,0,0,1,0,NA,"Collaboration"
"220","Green Todd","Julie Daughdrill","NRCS",0,0,0,1,0,NA,"Collaboration"
"221","Green Todd","Robert Capezza","NRCS",0,0,0,1,0,NA,"Collaboration"
"222","Green Todd","Dan Fuqua","Tennessee Wildlife",0,0,0,1,0,NA,"Collaboration"
"223","Hilary Morris","Russ Walsh","MDWFP",0,1,0,1,0,NA,"Coordination"
"224","Hilary Morris","Adam Butler","MDWFP",0,0,0,1,0,NA,"Coordination"
"225","Hilary Morris","Kenny Ribbeck","LDWF",0,1,0,1,0,NA,"Coordination"
"226","Hilary Morris","Duck Locasio","LDWF",0,0,0,1,0,NA,"Coordination"
"227","Hilary Morris","Kara Fox","Audubon",0,0,0,1,0,NA,"Coordination"
"228","Hilary Morris","Matt Love","RESTORE",0,0,0,1,0,NA,"Communication"
"229","Hilary Morris","Aylisa Dausman","Water Institute",0,0,0,1,0,NA,"Communication"
"230","Hilary Morris","Jessica Henkel","RESTORE",0,0,0,1,0,NA,"Communication"
"231","Hilary Morris","Ron Seiss","TNC",0,1,0,1,0,NA,"Communication"
"232","Hilary Morris","Greg Steyer","USGS",0,1,0,1,0,NA,"Collaboration"
"233","Hilary Morris","Dale James","DU",0,1,0,1,0,NA,"Collaboration"
"234","Hilary Morris","Sammy King","USGS",0,0,0,1,0,NA,"Collaboration"
"235","Hilary Morris","Pat Jodice","USGS",0,0,0,1,0,NA,"Collaboration"
"236","Hilary Morris","Bob Cooper","UGA",0,0,0,1,0,NA,"Collaboration"
"237","Hilary Morris","Auriel Fournier","Forbes Biological Station",0,0,0,1,0,NA,"Collaboration"
"238","Jeff Gleason","NPS","Federal",0,0,0,1,0,NA,"Communication"
"239","Jeff Gleason","USACE","Federal",0,1,0,1,0,NA,"Collaboration"
"240","Jeff Gleason","Tennessee Tech University","non-governmental",0,0,0,1,0,NA,"Collaboration"
"241","Jeff Gleason","Mississippi State University","non-governmental",0,0,0,1,0,NA,"Communication"
"242","Jeff Gleason","USGS","Federal",0,1,0,1,0,NA,"Collaboration"
"243","John Stanton","Nobody",NA,0,0,0,0,0,NA,NA
"244","John Tirpak","Renee Collini","MS State Univ",0,1,0,1,0,NA,"Coordination"
"245","John Tirpak","Krsitine Evans","MS State",0,1,0,1,0,NA,"Collaboration"
"246","John Tirpak","Amanda Sesser","21 Sustainability",0,1,0,1,0,NA,"Collaboration"
"247","John Tirpak","Rhonda Price","MS Dept Marine Resources",0,1,0,1,0,NA,"Coordination"
"248","John Tirpak","Blair Tirpak","USGS",0,0,0,1,1,"Data Management","Communication"
"249","John Tirpak","Brian Caneron","BOEM",0,1,0,0,0,NA,"Communication"
"250","John Tirpak","Tim Caruthers","The Water Inst of The Gulf",0,1,0,1,0,NA,"Coordination"
"251","John Tirpak","Erin Kiskaddon","The Water Institute of the Gulf",0,1,0,0,0,NA,"Coordination"
"252","John Tirpak","Christina Mohrman","Gulf of Mexico Alliance",0,1,0,0,0,NA,"Coordination"
"253","John Tirpak","Chad Allison","Avon Park AF Range Sentinel Landscape",0,1,0,1,1,"DoD Related Conservation Efforts","Coordination"
"254","John Tirpak","Kimberly Tillman","Osceola to Ocala Wildlife Corridor",0,1,0,1,1,"DoD Related Conservation Efforts","Communication"
"255","John Tirpak","Kristina May","Army Corps of Engineers",0,1,0,0,0,NA,"Communication"
"256","Jose Barrios","Amity Bass","LDWF",0,1,0,1,0,NA,"Collaboration"
"257","Jose Barrios","Emily Jo Williams","american bird conservancy",0,1,0,1,0,NA,"Collaboration"
"258","Jose Barrios","Kristine Evans","mississippi state university",0,1,0,1,0,NA,"Collaboration"
"259","Jose Barrios","Claude Jenkins","Alabama Wildlife Federation",0,1,0,0,0,NA,"Coordination"
"260","Jose Barrios","Dan Figert","KDFWR",0,1,0,1,0,NA,"Collaboration"
"261","Jose Barrios","Tim Mersmann","USFS",0,1,0,1,0,NA,"Coordination"
"262","Jose Barrios","Steve Chapman","NBCI",0,1,0,1,0,NA,"Coordination"
"263","Jose Barrios","Vernon Compton","Longleaf Alliance",0,1,0,1,0,NA,"Coordination"
"264","Jose Barrios","Thomas Eason","FWC",0,1,0,1,0,NA,"Collaboration"
"265","Jose Barrios","Andrew Cox","FWC",0,1,0,1,0,NA,"Collaboration"
"266","Jose Barrios","Derek Alkire","NWTF",0,1,0,1,0,NA,"Coordination"
"267","Jose Barrios","Jane Fitzgerald","ABC",0,1,0,1,0,NA,"Coordination"
"268","Jose Barrios","John Gruchy","MDWFP",0,1,0,0,0,NA,"Coordination"
"269","Jose Barrios","Russ Walsh","MDWFP",0,1,0,1,0,NA,"Coordination"
"270","Jose Barrios","Traci Wood","ADCNR",0,1,0,0,0,NA,"Coordination"
"271","Karen Frizzell","Jimmy Bullock","NGO",0,1,0,1,0,NA,"Coordination"
"272","Karen Frizzell","Mark Humpert","AFWA",0,1,0,1,0,NA,"Collaboration"
"273","Karen Frizzell","Kenny Ribbeck","State",0,1,0,1,0,NA,"Collaboration"
"274","Karen Frizzell","Jeff Raasch","State",0,1,0,1,0,NA,"Collaboration"
"275","Karen Frizzell","Thomas Eason","State",0,1,0,1,0,NA,"Collaboration"
"276","Karen Frizzell","Sara Parker Pauley","State",0,1,0,1,0,NA,"Coordination"
"277","Keith McKnight","Ron Seiss","TNC",0,1,0,0,1,"Regional Partnership Collaboration","Collaboration"
"278","Keith McKnight","Tim Landreneau","NRCS",0,1,0,0,0,NA,"Collaboration"
"279","Keith McKnight","Randy Childress","NRCS",0,1,0,0,0,NA,"Collaboration"
"280","Keith McKnight","Jason Keenan","NRCS",0,1,0,0,0,NA,"Collaboration"
"281","Keith McKnight","David Breithaupt","LDWF",0,1,0,0,0,NA,"Collaboration"
"282","Keith McKnight","David Graves","AGFC",0,1,0,0,0,NA,"Collaboration"
"283","Keith McKnight","Dustin Farmer","NRCS",0,1,0,0,0,NA,"Collaboration"
"284","Keith McKnight","Kevin Nelms","NRCS",0,1,0,0,0,NA,"Collaboration"
"285","Keith McKnight","Houston Havens","MDWFP",0,1,0,0,0,NA,"Collaboration"
"286","Keith McKnight","Amanda Mathis","NRCS",0,1,0,0,0,NA,"Collaboration"
"287","Keith McKnight","Scott Manley","DU",0,1,0,0,0,NA,"Collaboration"
"288","Keith McKnight","Bubba Groves","AGFC",0,1,0,0,0,NA,"Collaboration"
"289","Keith McKnight","Jason Milks","TNC",0,1,0,0,0,NA,"Collaboration"
"290","Keith McKnight","Michael Mitchell","DU",0,1,0,1,0,NA,"Collaboration"
"291","Keith McKnight","James Cummins","MRT",0,1,0,0,0,NA,"Coordination"
"292","Laura Brandt","Ryan Boyles","SE CASC",0,0,0,1,0,NA,"Coordination"
"293","Laura Brandt","Conor McGowan","USGS Coop Units",0,0,0,1,0,NA,"Collaboration"
"294","Laura Brandt","Barry Grand","USGS Coop Units",0,0,0,1,0,NA,"Coordination"
"295","Laura Brandt","Clint Moore","USGS Coop Unit",0,0,0,1,0,NA,"Collaboration"
"296","Laura Brandt","Kristine Evans","MS State Univ",0,1,0,1,0,NA,"Collaboration"
"297","Laura Brandt","Mike Colvin","MS State Univ",0,0,0,1,0,NA,"Collaboration"
"298","Laura Brandt","Tom Bonnot","Univ of MO",0,0,0,1,0,NA,"Collaboration"
"299","Laura Brandt","Allison Fowler","AR Game & Fish Commission",0,1,0,1,0,NA,"Collaboration"
"300","Laura Brandt","Amity Bass","LA Dept of Wildlife & Fisheries",0,1,0,1,0,NA,"Collaboration"
"301","Laura Brandt","Nate Muenks","MO Dept of Conservation",0,1,0,1,0,NA,"Collaboration"
"302","Laura Brandt","Mike Marshall","TX A&M, Natural Resources Institute",0,0,0,1,0,NA,"Collaboration"
"303","Laura Brandt","Healy Hamilton","NatureServe",0,0,0,1,0,NA,"Collaboration"
"304","Laura Brandt","Jane Fitzgerald","American Bird Conservancy",0,1,0,1,0,NA,"Collaboration"
"305","Laura Brandt","Jessica Graham","SE Aquatic Resources Partnership",0,1,0,1,0,NA,"Collaboration"
"306","Laura Brandt","Darren Miller","National Council on Air & Stream Quality",0,1,0,1,0,NA,"Collaboration"
"307","Linda McHan","Barry Grand","AL DCNR",0,0,0,0,0,NA,"Coordination"
"308","Linda McHan","Laura Bell","Auburn University",0,0,0,0,0,NA,"Collaboration"
"309","Linda McHan","Paula Davis","Auburn University",0,0,0,0,0,NA,"Collaboration"
"310","Linda McHan","James Fukai","Auburn University",0,0,0,0,0,NA,"Coordination"
"311","Linda McHan","Michelle Straw","Auburn Univ",0,0,0,0,0,NA,"Coordination"
"312","Linda McHan","Seth Maddox","Auburn University",0,0,0,0,0,NA,"Coordination"
"313","Linda McHan","Jill Sonka","Ducks Unlimited",0,0,0,0,0,NA,"Coordination"
"314","Linda McHan","Amy Silvano","AL DCNR",0,0,0,0,0,NA,"Coordination"
"315","Louise Vaughn","Dust'n Lunsford","USDA",0,0,1,0,0,NA,"Coordination"
"316","Louise Vaughn","Michael Kirby","USDA",0,0,1,0,0,NA,"Coordination"
"317","Louise Vaughn","Jamie Hawkins","GADNR",0,0,1,0,0,NA,"Communication"
"318","Louise Vaughn","Wayne Hubbard","GADNR",0,0,1,0,0,NA,"Communication"
"319","Louise Vaughn","Rick Brown","FWC LE",0,0,1,0,0,NA,"Communication"
"320","Louise Vaughn","Scott Engstler","FWC LE",0,0,1,0,0,NA,"Communication"
"321","Louise Vaughn","Marcus Mustin","UDDA",0,0,1,0,0,NA,"Coordination"
"322","Louise Vaughn","Melissa Collins","Dept. of Wildlife and Fisheries",0,0,1,0,0,NA,"Communication"
"323","Louise Vaughn","Walter Brown","TWRA",0,0,1,0,0,NA,"Communication"
"324","Louise Vaughn","Cailey Thomas","USDA",0,0,1,0,0,NA,"Coordination"
"325","Louise Vaughn","Scott Olson","FWC LE",0,0,1,0,0,NA,"Communication"
"326","Louise Vaughn","Chris Youngblood","USDA",0,0,1,0,0,NA,"Coordination"
"327","Louise Vaughn","Chattahoochee Nature Center","Wildlife and Education Center",0,1,1,0,0,NA,"Coordination"
"328","Mallory Martin","Nia Morales","University of Florida",0,0,0,1,0,NA,"Coordination"
"329","Mallory Martin","Ashley Gramza","Arkansas Game & Fish Commission",0,1,0,1,0,NA,"Coordination"
"330","Mallory Martin","Matt Brownlee","Clemson University",0,0,0,1,0,NA,"Collaboration"
"331","Mallory Martin","Nils Peterson","North Carolina State University",0,1,0,1,0,NA,"Coordination"
"332","Mallory Martin","Chris Ellis","NOAA",0,0,0,1,0,NA,"Communication"
"333","Mallory Martin","Lauren Ward","Forest Landowners Association",0,0,0,1,0,NA,"Communication"
"334","Mallory Martin","Sam Cook","North Carolina State University",0,0,0,1,1,"Diversity, equity and inclusion","Communication"
"335","Mallory Martin","Bynum Boley","University of Georgia",0,0,0,1,0,NA,"Communication"
"336","Mallory Martin","Renee Collini","Northern Gulf of Mexico Sentinel Site Cooperative",0,0,0,1,0,NA,"Coordination"
"337","Mallory Martin","Kassie Ernst","FAMU-FSU College of Engineering",0,0,0,1,0,NA,"Communication"
"338","Mallory Martin","Erin Seekamp","North Carolina State University",0,1,0,1,0,NA,"Communication"
"339","Mallory Martin","Carey Schafer","NAS Gulf Research Program Science Policy Fellowship",0,0,0,1,1,"Fellowships","Coordination"
"340","Mallory Martin","Cassandra Johnson","US Forest Service",0,0,0,1,0,NA,"Communication"
"341","Mallory Martin","John Schelhas","US Forest Service",0,0,0,1,0,NA,"Communication"
"342","Mallory Martin","Ryan Boyles","USGS",0,1,0,1,0,NA,"Communication"
"343","Michelle Outlaw","Julie Wraithmell","AUDUBON",0,1,0,0,0,NA,"Collaboration"
"344","Michelle Outlaw","Craig Faulhaber",NA,0,1,0,0,0,NA,"Collaboration"
"345","Michelle Outlaw","Kipp Krohlich",NA,0,1,0,0,0,NA,"Coordination"
"346","Michelle Outlaw","Thomas Eason",NA,0,1,0,0,0,NA,"Coordination"
"347","Michelle Outlaw","Brad Gruver",NA,0,1,0,0,0,NA,"Coordination"
"348","Michelle Outlaw","Melissa Tucker",NA,0,1,0,0,0,NA,"Coordination"
"349","Michelle Outlaw","Brian Garrett",NA,0,1,0,0,0,NA,"Collaboration"
"350","Michelle Outlaw","Claire Sunquist",NA,0,1,0,0,0,NA,"Collaboration"
"351","Michelle Outlaw","Whitney Gray",NA,0,1,0,0,0,NA,"Collaboration"
"352","Michelle Outlaw","Blair Hayman",NA,0,1,0,0,0,NA,"Collaboration"
"353","Michelle Outlaw","Laura Jerome",NA,0,1,0,0,0,NA,"Coordination"
"354","Michelle Outlaw","Marianne Korosy","AUDUBON",0,1,0,0,0,NA,"Collaboration"
"355","Michelle Outlaw","Holly Androetti",NA,0,1,0,0,0,NA,"Collaboration"
"356","Michelle Outlaw","Matthew Harwell",NA,0,0,0,0,0,NA,"Collaboration"
"357","Michelle Outlaw","Ken Meyer","AVIAN RESEARCH AND CONSERVATION INSTITUTE",0,1,0,0,0,NA,"Collaboration"
"358","Miguel Garcia-Bermudez","Audubon Center for Birds of Prey","NGO",0,1,1,0,1,"EagleWatch citizen science program; Service outreach efforts","Coordination"
"359","Miguel Garcia-Bermudez","Florida Wildlife Rehabilitators Association","NGO",0,1,1,0,1,"Service outreach efforts","Coordination"
"360","Miguel Garcia-Bermudez","Cape Fear Raptor Center","NGO",0,1,1,0,0,NA,"Coordination"
"361","Miguel Garcia-Bermudez","Auburn Southeastern Raptor Center","NGO",0,1,1,0,0,NA,"Coordination"
"362","Miguel Garcia-Bermudez","Southeastern Cooperative Wildlife Disease Study","NGO",0,1,1,0,0,NA,"Coordination"
"363","Miguel Garcia-Bermudez","University of Florida Veterinary Medical Center","NGO",0,1,1,0,0,NA,"Communication"
"364","Miguel Garcia-Bermudez","Avian Reconditioning Center","NGO",0,1,1,0,1,"Service outreach efforts","Coordination"
"365","Miguel Garcia-Bermudez","Carolina Raptor Center","NGO",0,1,1,0,0,NA,"Coordination"
"366","Miguel Garcia-Bermudez","American Eagle Foundation","NGO",0,1,1,0,0,NA,"Coordination"
"367","Miguel Garcia-Bermudez","Bio Tech Consulting","NGO",0,0,1,0,0,NA,"Coordination"
"368","Miguel Garcia-Bermudez","Trileaf Consulting","NGO",0,0,1,0,0,NA,"Coordination"
"369","Miguel Garcia-Bermudez","Newkirk Environmental","NGO",0,0,1,0,0,NA,"Coordination"
"370","Miguel Garcia-Bermudez","Modica & Associates","NGO",0,0,1,0,0,NA,"Coordination"
"371","Miguel Garcia-Bermudez","SC Department of Natural Resources","State",0,1,1,0,0,NA,"Collaboration"
"372","Miguel Garcia-Bermudez","Florida Fish and Wildlife Conservation Commission","State",0,1,1,0,0,NA,"Collaboration"
"373","Rachel Kirpes","Cindy Simpson","NC WRC",0,1,0,0,0,NA,"Communication"
"374","Rachel Kirpes","CC King","NC WRC",0,1,0,0,0,NA,"Communication"
"375","Rachel Kirpes","John Prince","TNC",0,0,0,0,1,"GIS","Communication"
"376","Randy Wilson","Nils Peterson","Academia",0,1,0,1,0,NA,"Collaboration"
"377","Randy Wilson","Adam Terando","Federal",0,1,0,1,1,"We worked on conference symposiums and often trade ideas","Coordination"
"378","Randy Wilson","Ryan Boyles","Federal",0,1,0,1,1,"We worked on conference symposiums and I served on the Technical Advisory Committee for the Climate Analysis & Visualization for the Assessment of Species Status","Coordination"
"379","Randy Wilson","Janet Cakir","Federal",0,0,0,1,1,"We shared an office - she was NPS liason to the LCC","Coordination"
"380","Randy Wilson","Amanda Sasser","Federal",0,0,0,1,1,"I worked with her to help develop the SCA workshops","Collaboration"
"381","Randy Wilson","Sara Guidi","NGO",0,1,0,1,0,NA,"Coordination"
"382","Randy Wilson","Rob Walker","NGO",0,1,0,1,0,NA,"Coordination"
"383","Randy Wilson","Jessie Whitehead","State",0,1,0,1,0,NA,"Coordination"
"384","Randy Wilson","Justin Boner","NGO",0,1,0,0,1,"e worked on conference symposiums","Communication"
"385","Randy Wilson","Margaret Fields","NGO",0,1,0,0,1,"e worked on conference symposiums","Communication"
"386","Randy Wilson","Kyle Briggs","State",0,1,0,1,1,"I work with Kyle through SECAS and he helped provide stop-gap funding for my position","Collaboration"
"387","Randy Wilson","Rick Dubrow","Federal",0,1,0,1,0,NA,"Collaboration"
"388","Randy Wilson","Maria Whitehead","NGO",0,1,0,1,0,NA,"Coordination"
"389","Randy Wilson","Kara Drane","State",0,1,0,1,0,NA,"Communication"
"390","Randy Wilson","Izzie Hirschy","NGO",0,1,0,1,0,NA,"Communication"
"391","Resee Collins","Elvia","University of Puerto Rico",0,1,0,1,0,NA,"Collaboration"
"392","Resee Collins","Jose L","Island Conservation",0,1,0,1,0,NA,"Collaboration"
"393","Resee Collins","Fernando","Para La Naturaleza",0,1,0,0,0,NA,"Coordination"
"394","Resee Collins","Jorge","Para La Naturaleza",0,1,0,0,0,NA,"Coordination"
"395","Resee Collins","Soledad","Para La Naturaleza",0,1,0,0,0,NA,"Coordination"
"396","Resee Collins","William","Forest Service",0,1,0,1,0,NA,"Collaboration"
"397","Resee Collins","Jessica","Forest Service",0,1,0,1,0,NA,"Collaboration"
"398","Resee Collins","Cielo","Island Conservation",0,1,0,1,0,NA,"Collaboration"
"399","Resee Collins","Nilda","Natural Resources",0,1,0,1,0,NA,"Collaboration"
"400","Resee Collins","Thomas","NCSU Coop Unit",0,0,0,1,0,NA,"Collaboration"
"401","Resee Collins","Wes","Mississippi State Coop Unit",0,0,0,1,0,NA,"Collaboration"
"402","Resee Collins","Ernesto","Natural Resources",0,1,0,1,0,NA,"Collaboration"
"403","Resee Collins","Ramon L","Natural Resources",0,1,0,0,0,NA,"Collaboration"
"404","Resee Collins","Keenan","Forest Service",0,1,0,1,0,NA,"Collaboration"
"405","Resee Collins","Nicole","Planning, Fish and Wildlife",0,1,0,1,0,NA,"Collaboration"
"406","Rob Holbrook","Charlotte Hope SCDNR","DNR",0,0,1,1,0,NA,"Collaboration"
"407","Rob Holbrook","David Hanni TNDNR","DNR",0,0,1,1,0,NA,"Collaboration"
"408","Rob Holbrook","Robin Boughton FWC","FWC",0,0,1,1,0,NA,"Collaboration"
"409","Rob Holbrook","Amy Teagler SCDNR","DNR",0,0,1,1,0,NA,"Collaboration"
"410","Rob Holbrook","Bob Sergeant GADNR","DNR",0,0,1,1,0,NA,"Collaboration"
"411","Rob Holbrook","Kate Slankard KYDNR","DNR",0,0,1,1,0,NA,"Collaboration"
"412","Rob Holbrook","Robert Dobbs LADNR","DNR",0,0,1,1,0,NA,"Collaboration"
"413","Rob Holbrook","Todd Katzner- USGS","USGS",0,1,0,1,0,NA,"Collaboration"
"414","Rob Holbrook","Craig Faulhaber FWC","FWC",0,0,1,1,0,NA,"Collaboration"
"415","Roy Freeman","Joe Noble","Tall Timbers Research Station",0,1,0,1,1,"remote sensing, fire mapping","Collaboration"
"416","Roy Freeman","Maggie Ernest Johnson","AFWA",0,0,0,0,1,"climate change","Collaboration"
"417","Roy Freeman","Amanda Sesser","Stratgic Conservatio Assessment project team lead",0,1,0,1,0,NA,"Collaboration"
"418","Roy Freeman","Kristine Evans","Mississippi State University",0,1,0,1,0,NA,"Collaboration"
"419","Roy Freeman","Tom Hoctor","Univ. of Florida",0,1,0,1,1,"GIS, data sharing - serving on technical advisory group for CLIP and Ecological Greenways","Collaboration"
"420","Roy Freeman","Jon Oetting","Florida Natural Areas Inventory",0,1,0,1,1,"GIS, data sharing","Collaboration"
"421","Roy Freeman","Christy Coghlan","USFWS - NCTC",0,0,0,0,1,"climate change - training","Collaboration"
"422","Roy Freeman","Mike Allen","Univ. of FL./Nature Coast Biological Station",0,0,0,0,1,"partnership building","Coordination"
"423","Roy Freeman","Jessica Graham","Southeast Aquatic Resource Partnership",0,1,0,1,0,NA,"Coordination"
"424","Roy Freeman","Renee Collini","Northern Gulf of Mexico Sentinel Site Cooperative",0,0,0,1,1,"partnership building","Collaboration"
"425","Roy Freeman","Cheryl Clark","FL Department of Environmental Protection",0,1,0,1,1,"science alignment","Collaboration"
"426","Roy Freeman","Brett Scheffers","Univ. of FL",0,0,0,1,1,"climate change","Collaboration"
"427","Roy Freeman","Ryan Boyles","DOI/USGS - SE CASC",0,1,0,0,1,"climate change","Coordination"
"428","Roy Freeman","Ivan Green","US Forest Service",0,1,0,1,1,"shared stewardship position","Collaboration"
"429","Roy Freeman","Bill Palmer","Tall Timbers Research Station",0,1,0,0,0,NA,"Collaboration"
"430","Rua Mordecai","NOBODY",NA,0,0,0,0,0,NA,NA
"431","Stephanie Bruner","Rachel Greene","TN Divisoin of Forestry",0,1,0,0,0,NA,"Coordination"
"432","Stephanie Bruner","Anna Smith","SC Dept. of Natural Resources",0,1,0,0,0,NA,"Coordination"
"433","Stephanie Bruner","Justin Park","Ducks Unlimited",0,1,0,0,0,NA,"Coordination"
"434","Stephanie Bruner","David Bishop","The Nature Conservancy",0,1,0,0,0,NA,"Coordination"
"435","Stephanie Bruner","Addie Thornton","Southeast Regional Partnership for Planning & Sustainability (SERPPAS)",0,1,0,0,0,NA,"Coordination"
"436","Stephanie Bruner","Peggy Jo Nadler","Francis Marion & Sumter National Forests",0,1,0,0,0,NA,"Coordination"
"437","Stephanie Bruner","Maria Whitehead","Open Space Institute",0,1,0,0,0,NA,"Coordination"
"438","Stephanie Bruner","Rick Durbrow","Environmental Protection Agency",0,1,0,0,0,NA,"Communication"
"439","Stephanie Bruner","Emily Purcell","Ducks Unlimited",0,1,0,0,0,NA,"Communication"
"440","Stephanie Bruner","Kacy Cook","NC Wildlife Resources Commission",0,1,0,0,0,NA,"Communication"
"441","Stephanie Bruner","Kara Drane","Catawba Council of Government",0,1,0,0,0,NA,"Communication"
"442","Stephanie Bruner","Mary Crockett","Congaree Land Trust",0,1,0,0,0,NA,"Communication"
"443","Stephanie Bruner","Jessie Birckhead","NC Wildlife Resources Commission",0,1,0,0,0,NA,"Coordination"
"444","Stephanie Bruner","Christine Ellis","Waccamaw Riverkeeper",0,1,0,0,0,NA,"Coordination"
"445","Stephanie Bruner","Ryan Bollinger","Longleaf Alliance",0,1,0,0,0,NA,"Communication"
"446","Steve Brock","Emad Habib","ULL",0,0,0,1,0,NA,"Coordination"
"447","Steve Brock","Dan Kroes","USGS",0,0,0,1,0,NA,"Coordination"
"448","Steve Brock","Steve Miranda","MSU",0,0,0,1,0,NA,"Collaboration"
"449","Steve Brock","Jessica Walker","USGS",0,0,0,1,0,NA,"Communication"
"450","Steve Brock","John Sheehan","LDEQ",0,0,0,1,0,NA,"Coordination"
"451","Steve Brock","Sarai Piazza","USGS",0,0,0,1,0,NA,"Communication"
"452","Steve Brock","Bryan Piazza","TNC",0,1,0,1,0,NA,"Collaboration"
"453","Steve Brock","Kristine Evans","MSU",0,1,0,1,0,NA,"Collaboration"
"454","Steve Brock","Jacob LaFontaine","USGS",0,0,0,1,0,NA,"Coordination"
"455","Steve Brock","Robby Maxwell","LDWF",0,1,0,1,0,NA,"Collaboration"
"456","Steve Brock","Nicole Lorenz","LDWF",0,1,0,1,0,NA,"Communication"
"457","Steve Brock","Tim Carruthers","TWI",0,1,0,1,0,NA,"Coordination"
"458","Steve Brock","SARP","SARP",0,1,0,1,0,NA,"Collaboration"
"459","Todd Hopkins","Merrie Morrison","ABC",0,0,0,0,0,NA,"Communication"
"460","Tom Edwards","Nicole Lorenz","LDWF",0,1,0,1,0,NA,"Coordination"
"461","Tom Edwards","Amity Bass","LDWF",0,1,0,1,0,NA,"Coordination"
"462","Tom Edwards","Robby Maxwell","LDWF",0,1,0,1,0,NA,"Collaboration"
"463","Tom Edwards","Nicholas Enwright","USGS",0,1,0,1,0,NA,"Collaboration"
"464","Tom Edwards","Steve Hartely","USGS",0,0,0,1,0,NA,"Collaboration"
"465","Tom Edwards","Soupy Dalyander","The Water Institue",0,1,0,1,0,NA,"Collaboration"
"466","Tom Edwards","Tim Carruthers","The Water Institute",0,1,0,1,0,NA,"Coordination"
"467","Tom Edwards","Kristine Evans","MSU",0,1,0,1,0,NA,NA
"468","Tom Edwards","James Cronin","USGS",0,1,0,1,0,NA,"Collaboration"
"469","Tom Edwards","Brian Zettle","USACE",0,0,0,1,0,NA,"Coordination"
"470","Tom Edwards","Laura Dunkin","USACE",0,1,0,1,0,NA,"Collaboration"
"471","Tom Edwards","Jackie Wittman","USACE",0,0,0,1,0,NA,"Coordination"
"472","Tom Edwards","Megan La Peyre","LSU/USGS Coop",0,1,0,1,0,NA,"Collaboration"
"473","Tom Edwards","Adam Terando","USGS",0,0,0,1,0,NA,"Coordination"
"474","Tom Edwards","Jeff Raasch","TPWD",0,1,0,1,0,NA,"Coordination"
"475","Ulgonda Kirkpatrick","Steven Smith","USDA",0,0,1,0,0,NA,"Coordination"
"476","Ulgonda Kirkpatrick","Brett Dunlap","usda",0,0,1,0,0,NA,"Coordination"
"477","Ulgonda Kirkpatrick","Kris Godwin","usda",0,0,1,0,0,NA,"Coordination"
"478","Ulgonda Kirkpatrick","Robert Byrd","usda",0,0,1,0,0,NA,"Coordination"
"479","Yvonne Allen","nobody",NA,0,0,0,0,0,NA,NA
